{
  "id": "1500000000811",
  "version": 9,
  "deleted": false,
  "vorname": "Gernot",
  "nachname": "Egger",
  "geschlecht": "MAENNLICH",
  "gebdat": "19660429",
  "portalUser": "egger47@bmi.gv.at",
  "anmerkung": "Fa. ATOS",
  "email": "Gernot.Egger02@bmi.gv.at",
  "eintrittsDatum": "2016-10-01T00:00:00.000",
  "austrittsDatum": "9999-12-31T00:00:00.000",
  "aktiv": true,
  "mobilNummer": "+43 664 88552672",
  "emailPrivat": "gernot.egger@atos.net",
  "staatsangehoerigkeit": "Österreich",
  "organisationseinheit": {
    "id": "1500000000032",
    "version": 9,
    "deleted": false,
    "bezeichnung": "IV/2/a",
    "kurzBezeichnung": "IV/2/a",
    "gueltigVon": "2016-07-01T00:00:00.000",
    "gueltigBis": "9999-12-31T00:00:00.000",
    "email": [
      "walter.hofstetter@bmi.gv.at"
    ]
  },
  "rolle": "DEFAULT",
  "bucher": "KEIN_BUCHER",
  "recht": [],
  "dienstverwendung": "ANALYTIKER_IN",
  "mitarbeiterart": "EXTERN_OHNE_BAKS",
  "firma": "ATOS",
  "selbststaendig": false,
  "windowsBenutzerkonto": "egger47",
  "stundensatz": "156.10",
  "geprueft": true,
  "stundenkontingentJaehrlich": "1",
  "leerPdf": true,
  "personenverantwortlicher": {
    "id": "1500000000183",
    "vorname": "Dagmar",
    "nachname": "Wesecky",
    "recht": [],
    "funktion": [],
    "vertrag": []
  },
  "teamzuordnung": "",
  "portalDeaktivierung": 0,
  "funktion": [],
  "vertrag": []
}