[
  {
    "id": "2600000000008",
    "version": 7,
    "deleted": false,
    "produktname": "Zentrales Melderegister",
    "start": "2001-05-17T00:00:00.000",
    "ende": "9999-12-31T00:00:00.000",
    "aktiv": true,
    "kurzName": "ZMR",
    "auftraggeber": "Grossinger Walter",
    "auftraggeberOrganisation": "III/a",
    "produktTyp": "ZENTRALE_KOMPONENTE",
    "produktPosition": [],
    "stundenplanung": []
  },
  {
    "id": "2600000000010",
    "version": 1,
    "deleted": false,
    "produktname": "Zentrales Vereinsregister",
    "start": "2006-01-01T00:00:00.000",
    "ende": "9999-12-31T00:00:00.000",
    "aktiv": true,
    "kurzName": "ZVR",
    "anmerkung": "vormals Halwachs Thomas",
    "auftraggeber": "Bachofner Andreas",
    "auftraggeberOrganisation": "BMI-III/3",
    "produktTyp": "ANWENDUNG",
    "produktPosition": [],
    "stundenplanung": []
  },
  {
    "id": "2600000000012",
    "version": 1,
    "deleted": false,
    "produktname": "Zentrale Wählerevidenz",
    "start": "2018-02-09T00:00:00.000",
    "ende": "2017-12-31T00:00:00.000",
    "aktiv": false,
    "kurzName": "ZWE",
    "anmerkung": "wurde durch ZeWaeR abgelöst",
    "auftraggeber": "Robert Stein",
    "auftraggeberOrganisation": "BMI-III/6",
    "produktTyp": "ANWENDUNG",
    "produktPosition": [],
    "stundenplanung": []
  },
  {
    "id": "2600000000014",
    "version": 1,
    "deleted": false,
    "produktname": "Zentrales Waffenregister",
    "start": "2000-03-01T00:00:00.000",
    "ende": "9999-12-31T00:00:00.000",
    "aktiv": true,
    "kurzName": "ZWR",
    "anmerkung": "vormals Neuhold Alexandra",
    "auftraggeber": "Franz Eigner",
    "auftraggeberOrganisation": "BMI-III/3",
    "produktTyp": "ANWENDUNG",
    "produktPosition": [],
    "stundenplanung": []
  },
  {
    "id": "2600000000016",
    "version": 1,
    "deleted": false,
    "produktname": "FINAS (Fahrzeugidentifikations- und Auswerte System)",
    "start": "2000-08-08T00:00:00.000",
    "ende": "2015-12-31T00:00:00.000",
    "aktiv": false,
    "auftraggeberOrganisation": ".BK",
    "produktTyp": "ANWENDUNG",
    "produktPosition": [],
    "stundenplanung": []
  },
  {
    "id": "2600000000018",
    "version": 2,
    "deleted": false,
    "produktname": "Betreuungsinformationssystem Grundversorgung",
    "start": "2004-05-01T00:00:00.000",
    "ende": "9999-12-31T00:00:00.000",
    "aktiv": true,
    "kurzName": "GVS / BIS",
    "anmerkung": "vormals Halwachs Thomas",
    "auftraggeber": "Gernot Maier",
    "auftraggeberOrganisation": "BMI-III/9",
    "produktTyp": "ANWENDUNG",
    "produktPosition": [],
    "stundenplanung": []
  },
  {
    "id": "2600000000020",
    "version": 1,
    "deleted": false,
    "produktname": "Identitätsdokumentenregister",
    "start": "2001-05-01T00:00:00.000",
    "ende": "9999-12-31T00:00:00.000",
    "aktiv": true,
    "kurzName": "IDR / RPA",
    "auftraggeber": "Michael Fuchs",
    "auftraggeberOrganisation": "BMI-III/3/a",
    "produktTyp": "ANWENDUNG",
    "produktPosition": [],
    "stundenplanung": []
  },
  {
    "id": "2600000000022",
    "version": 1,
    "deleted": false,
    "produktname": "Kraftfahrzeug Zentralregister- ALT",
    "start": "1900-01-01T00:00:00.000",
    "ende": "2018-03-28T00:00:00.000",
    "aktiv": false,
    "kurzName": "KZR",
    "anmerkung": "Übernahme V3 PO; vormals Halwachs Thomas",
    "auftraggeber": "Dieter Stelzer",
    "auftraggeberOrganisation": "BMI-II/12/b",
    "produktTyp": "ANWENDUNG",
    "produktPosition": [],
    "stundenplanung": []
  },
  {
    "id": "2600000000024",
    "version": 3,
    "deleted": false,
    "produktname": "Erkennungsdienstliche Evidenz",
    "start": "2006-03-04T00:00:00.000",
    "ende": "9999-12-31T00:00:00.000",
    "aktiv": true,
    "kurzName": "EDE",
    "auftraggeber": "Schmid Reinhard",
    "auftraggeberOrganisation": "BMI-II/BK/6.1",
    "produktTyp": "ANWENDUNG",
    "produktPosition": [],
    "stundenplanung": []
  },
  {
    "id": "2600000000026",
    "version": 2,
    "deleted": false,
    "produktname": "Ekis@Web (Ekisanfrage)",
    "start": "2016-07-22T00:00:00.000",
    "ende": "2016-07-22T00:00:00.000",
    "aktiv": false,
    "kurzName": "EKA",
    "auftraggeber": "IV/2",
    "auftraggeberOrganisation": "IV/2",
    "produktTyp": "ANWENDUNG",
    "produktPosition": [],
    "stundenplanung": []
  },
  {
    "id": "2600000000028",
    "version": 3,
    "deleted": false,
    "produktname": "Automatisierte Ministerialkanzleiordnung xx",
    "start": "2016-07-01T00:00:00.000",
    "ende": "9999-12-31T00:00:00.000",
    "aktiv": true,
    "kurzName": "AMKO",
    "auftraggeber": "I/2",
    "auftraggeberOrganisation": "IV/2/a",
    "produktTyp": "ANWENDUNG",
    "produktPosition": [],
    "stundenplanung": []
  },
  {
    "id": "2600000000030",
    "version": 1,
    "deleted": false,
    "produktname": "APID (Automatisierter Protokoll-Index der Gruppe D)",
    "start": "2016-05-13T00:00:00.000",
    "ende": "2016-05-13T00:00:00.000",
    "aktiv": false,
    "produktTyp": "ANWENDUNG",
    "produktPosition": [],
    "stundenplanung": []
  },
  {
    "id": "2600000000032",
    "version": 1,
    "deleted": false,
    "produktname": "Massafond (Uniformwesen)",
    "start": "2016-04-14T00:00:00.000",
    "ende": "2016-12-31T00:00:00.000",
    "aktiv": false,
    "anmerkung": "keine Übernahme in neues GetIT",
    "produktTyp": "ANWENDUNG",
    "produktPosition": [],
    "stundenplanung": []
  },
  {
    "id": "2600000000034",
    "version": 1,
    "deleted": false,
    "produktname": "Betriebliches Vorschlagswesen",
    "start": "2000-01-01T00:00:00.000",
    "ende": "2018-03-28T00:00:00.000",
    "aktiv": false,
    "kurzName": "BVW",
    "anmerkung": "Übernahme V3 PO",
    "auftraggeber": "???",
    "auftraggeberOrganisation": "???",
    "produktTyp": "ANWENDUNG",
    "produktPosition": [],
    "stundenplanung": []
  },
  {
    "id": "2600000000036",
    "version": 2,
    "deleted": false,
    "produktname": "Informationen- u. Verwaltungsvorschriften Datenbank",
    "start": "2007-01-01T00:00:00.000",
    "ende": "2019-02-26T00:00:00.000",
    "aktiv": false,
    "kurzName": "IVS",
    "anmerkung": "lt. AL JF am 26.2.2019 eingestellt!",
    "auftraggeber": "Max Dorfinger",
    "auftraggeberOrganisation": "BMI-III/7",
    "produktTyp": "ANWENDUNG",
    "produktPosition": [],
    "stundenplanung": []
  },
  {
    "id": "2600000000038",
    "version": 1,
    "deleted": false,
    "produktname": "Europäische Fahrzeugidentifikationsdatei",
    "start": "2000-10-01T00:00:00.000",
    "ende": "9999-12-31T00:00:00.000",
    "aktiv": true,
    "kurzName": "EUFID",
    "auftraggeber": "Ebner Ewald",
    "auftraggeberOrganisation": "BMI II/BK/3.2",
    "produktTyp": "ANWENDUNG",
    "produktPosition": [],
    "stundenplanung": []
  },
  {
    "id": "2600000000040",
    "version": 3,
    "deleted": false,
    "produktname": "FIS (Fremdeninformationssystem/Zentrales Fremdenregister)",
    "start": "2016-07-22T00:00:00.000",
    "ende": "2016-07-22T00:00:00.000",
    "aktiv": false,
    "kurzName": "FIS",
    "anmerkung": "Altprodukt wg. Migrationsdaten",
    "auftraggeber": "BMI IV/2",
    "auftraggeberOrganisation": "BMI IV/2/a",
    "produktTyp": "ANWENDUNG",
    "produktPosition": [],
    "stundenplanung": []
  },
  {
    "id": "2600000000042",
    "version": 1,
    "deleted": false,
    "produktname": "Integrierte Fremden Administration",
    "start": "2014-01-01T00:00:00.000",
    "ende": "9999-12-31T00:00:00.000",
    "aktiv": true,
    "kurzName": "IFA",
    "auftraggeber": "Daniel Weber",
    "auftraggeberOrganisation": "BMI-II/3",
    "produktTyp": "ANWENDUNG",
    "produktPosition": [],
    "stundenplanung": []
  },
  {
    "id": "2600000000044",
    "version": 1,
    "deleted": false,
    "produktname": "GZS (Gleitzeitsystem/Jahresarbeitszeitmodell JAZ)",
    "start": "2002-04-01T00:00:00.000",
    "ende": "2016-06-30T00:00:00.000",
    "aktiv": false,
    "auftraggeber": "Fandler Mike",
    "auftraggeberOrganisation": "IV/2",
    "produktTyp": "ANWENDUNG",
    "produktPosition": [],
    "stundenplanung": []
  },
  {
    "id": "2600000000046",
    "version": 4,
    "deleted": false,
    "produktname": "Kraftfahrzeug Fahndung und Information",
    "start": "2010-01-01T00:00:00.000",
    "ende": "2016-07-22T00:00:00.000",
    "aktiv": false,
    "kurzName": "KFA",
    "auftraggeber": "IV/2",
    "auftraggeberOrganisation": "IV/2",
    "produktTyp": "ANWENDUNG",
    "produktPosition": [],
    "stundenplanung": []
  },
  {
    "id": "2600000000048",
    "version": 1,
    "deleted": false,
    "produktname": "Kriminalpolizeilicher Aktenindex",
    "start": "1987-01-01T00:00:00.000",
    "ende": "9999-12-31T00:00:00.000",
    "aktiv": true,
    "kurzName": "KPA",
    "auftraggeber": "Regine Wieselthaler-Buchmann",
    "auftraggeberOrganisation": "BMI-BK/II",
    "produktTyp": "ANWENDUNG",
    "produktPosition": [],
    "stundenplanung": []
  },
  {
    "id": "2600000000050",
    "version": 1,
    "deleted": false,
    "produktname": "KrimStat (Kriminalstatistik Online/PKS)",
    "start": "2000-01-01T00:00:00.000",
    "ende": "2016-12-31T00:00:00.000",
    "aktiv": false,
    "kurzName": "KRIMSTAT",
    "auftraggeberOrganisation": ".BK",
    "produktTyp": "ANWENDUNG",
    "produktPosition": [],
    "stundenplanung": []
  },
  {
    "id": "2600000000052",
    "version": 2,
    "deleted": false,
    "produktname": "Personenanfrage",
    "start": "2016-07-22T00:00:00.000",
    "ende": "2016-07-22T00:00:00.000",
    "aktiv": false,
    "kurzName": "PSA",
    "anmerkung": "Migretion Altdaten",
    "auftraggeber": "??",
    "auftraggeberOrganisation": "??",
    "produktTyp": "ANWENDUNG",
    "produktPosition": [],
    "stundenplanung": []
  },
  {
    "id": "2600000000054",
    "version": 1,
    "deleted": false,
    "produktname": "Strafregister",
    "start": "1975-01-01T00:00:00.000",
    "ende": "9999-12-31T00:00:00.000",
    "aktiv": true,
    "kurzName": "STR",
    "auftraggeber": "Erich Kogler",
    "auftraggeberOrganisation": "LPD Wien",
    "produktTyp": "ANWENDUNG",
    "produktPosition": [],
    "stundenplanung": []
  },
  {
    "id": "2600000000056",
    "version": 3,
    "deleted": false,
    "produktname": "Verwaltungsstrafverfahren",
    "start": "1989-05-01T00:00:00.000",
    "ende": "9999-12-31T00:00:00.000",
    "aktiv": true,
    "kurzName": "VSTV",
    "auftraggeber": "Doleschal Jürgen",
    "auftraggeberOrganisation": "II/14",
    "produktTyp": "ANWENDUNG",
    "produktPosition": [],
    "stundenplanung": []
  },
  {
    "id": "2600000000058",
    "version": 1,
    "deleted": false,
    "produktname": "Waffengebrauchanalyseverfahren",
    "start": "2006-01-01T00:00:00.000",
    "ende": "9999-12-31T00:00:00.000",
    "aktiv": true,
    "kurzName": "WGAV",
    "auftraggeber": "Taferner Othmar",
    "auftraggeberOrganisation": "EKO Cobra/DSE_FB_2.1.4",
    "produktTyp": "ANWENDUNG",
    "produktPosition": [],
    "stundenplanung": []
  },
  {
    "id": "2600000000060",
    "version": 1,
    "deleted": false,
    "produktname": "Wahlpaket",
    "start": "1990-01-01T00:00:00.000",
    "ende": "9999-12-31T00:00:00.000",
    "aktiv": true,
    "kurzName": "WLN",
    "auftraggeber": "Stein Robert",
    "auftraggeberOrganisation": "BMI-III/6",
    "produktTyp": "ANWENDUNG",
    "produktPosition": [],
    "stundenplanung": []
  },
  {
    "id": "2600000000062",
    "version": 2,
    "deleted": false,
    "produktname": "Zivildienst",
    "start": "1900-01-01T00:00:00.000",
    "ende": "9999-12-31T00:00:00.000",
    "aktiv": true,
    "kurzName": "ZIV",
    "anmerkung": "vormals Neuhold Alexandra",
    "auftraggeber": "Ferdinand Mayer",
    "auftraggeberOrganisation": "Zivildienstserviceagentur",
    "produktTyp": "ADMINISTRATION",
    "produktPosition": [],
    "stundenplanung": []
  },
  {
    "id": "2600000000064",
    "version": 1,
    "deleted": false,
    "produktname": "Kennzeichenerkennungssystem",
    "start": "2006-07-20T00:00:00.000",
    "ende": "9999-12-31T00:00:00.000",
    "aktiv": true,
    "kurzName": "KES",
    "auftraggeber": "Prutsch Franz",
    "auftraggeberOrganisation": "II/2/a",
    "produktTyp": "ANWENDUNG",
    "produktPosition": [],
    "stundenplanung": []
  },
  {
    "id": "2600000000066",
    "version": 2,
    "deleted": false,
    "produktname": "Elektronischer Akt",
    "start": "2005-01-01T00:00:00.000",
    "ende": "2999-12-31T00:00:00.000",
    "aktiv": true,
    "kurzName": "ELAK",
    "anmerkung": "Übernahme V3 PO - Stopp am 28.3.2018",
    "auftraggeber": "Sektion I",
    "auftraggeberOrganisation": "Abteilung I/2",
    "produktTyp": "ADMINISTRATION",
    "produktPosition": [],
    "stundenplanung": []
  },
  {
    "id": "2600000000068",
    "version": 2,
    "deleted": false,
    "produktname": "Fremdenwesen 2000",
    "start": "1998-01-01T00:00:00.000",
    "ende": "9999-12-31T00:00:00.000",
    "aktiv": true,
    "kurzName": "FRB",
    "auftraggeber": "Gerhard Reischer",
    "auftraggeberOrganisation": "BMI-II/3",
    "produktTyp": "ANWENDUNG",
    "produktPosition": [],
    "stundenplanung": []
  },
  {
    "id": "2600000000070",
    "version": 1,
    "deleted": false,
    "produktname": "Integrierte Kriminalpolizeiliche Datenanwendung",
    "start": "2014-09-29T00:00:00.000",
    "ende": "9999-12-31T00:00:00.000",
    "aktiv": true,
    "kurzName": "IKDA",
    "auftraggeber": "Franz Lang",
    "auftraggeberOrganisation": "BMI-II/BK/4.2",
    "produktTyp": "ANWENDUNG",
    "produktPosition": [],
    "stundenplanung": []
  },
  {
    "id": "2600000000072",
    "version": 1,
    "deleted": false,
    "produktname": "Kriminalanalysesystem",
    "start": "2016-04-14T00:00:00.000",
    "ende": "2018-03-28T00:00:00.000",
    "aktiv": false,
    "kurzName": "K-As",
    "anmerkung": "Übernahme V3 PO",
    "produktTyp": "ANWENDUNG",
    "produktPosition": [],
    "stundenplanung": []
  },
  {
    "id": "2600000000074",
    "version": 1,
    "deleted": false,
    "produktname": "Protokollierung/Anzeigen/Daten",
    "start": "2000-01-01T00:00:00.000",
    "ende": "9999-12-31T00:00:00.000",
    "aktiv": true,
    "kurzName": "PAD",
    "auftraggeber": "Doleschal Jürgen",
    "auftraggeberOrganisation": "BK/II/14",
    "produktTyp": "ANWENDUNG",
    "produktPosition": [],
    "stundenplanung": []
  },
  {
    "id": "2600000000076",
    "version": 2,
    "deleted": false,
    "produktname": "Stammzahlenregister",
    "start": "2000-01-01T00:00:00.000",
    "ende": "9999-12-31T00:00:00.000",
    "aktiv": true,
    "kurzName": "SZR",
    "auftraggeber": "Marcus Hild",
    "auftraggeberOrganisation": "BKA Datenschutzbehörde",
    "produktTyp": "ANWENDUNG",
    "produktPosition": [],
    "stundenplanung": []
  },
  {
    "id": "2600000000078",
    "version": 2,
    "deleted": false,
    "produktname": "VISA Informations System",
    "start": "2011-10-11T00:00:00.000",
    "ende": "9999-12-31T00:00:00.000",
    "aktiv": true,
    "kurzName": "VISA",
    "auftraggeber": "EU",
    "auftraggeberOrganisation": ".BK",
    "produktTyp": "ANWENDUNG",
    "produktPosition": [],
    "stundenplanung": []
  },
  {
    "id": "2600000000080",
    "version": 1,
    "deleted": false,
    "produktname": "SAP (Personalverwaltung)",
    "start": "2013-01-01T00:00:00.000",
    "ende": "9999-12-31T00:00:00.000",
    "aktiv": false,
    "kurzName": "SAP",
    "anmerkung": "keine Vertretung; yel 6.6.2017",
    "auftraggeber": "Werner Heil, Sonja Hengst",
    "auftraggeberOrganisation": "BMI-I/2, BMI-II/14",
    "produktTyp": "ANWENDUNG",
    "produktPosition": [],
    "stundenplanung": []
  },
  {
    "id": "2600000000082",
    "version": 1,
    "deleted": false,
    "produktname": "AIS (Asylwerber-Informationssystem)",
    "start": "1990-01-01T00:00:00.000",
    "ende": "2014-12-31T00:00:00.000",
    "aktiv": false,
    "kurzName": "AIS",
    "auftraggeber": "???",
    "auftraggeberOrganisation": "???",
    "produktTyp": "ANWENDUNG",
    "produktPosition": [],
    "stundenplanung": []
  },
  {
    "id": "2600000000084",
    "version": 1,
    "deleted": false,
    "produktname": "Systemübergreifende Benutzerverwaltung",
    "start": "2008-03-01T00:00:00.000",
    "ende": "9999-12-31T00:00:00.000",
    "aktiv": true,
    "kurzName": "SBV",
    "anmerkung": "vormals Stradal Harald",
    "auftraggeber": "Harald Stradal",
    "auftraggeberOrganisation": "BMI-IV/9",
    "produktTyp": "ANWENDUNG",
    "produktPosition": [],
    "stundenplanung": []
  },
  {
    "id": "2600000000086",
    "version": 4,
    "deleted": false,
    "produktname": "Business Object",
    "start": "2015-01-01T00:00:00.000",
    "ende": "9999-12-31T00:00:00.000",
    "aktiv": true,
    "kurzName": "BO",
    "anmerkung": "Test",
    "auftraggeber": "Simonitsch Günther",
    "auftraggeberOrganisation": "IV/B",
    "produktTyp": "ANWENDUNG",
    "produktPosition": [],
    "stundenplanung": []
  },
  {
    "id": "2600000000088",
    "version": 1,
    "deleted": false,
    "produktname": "Passagier Daten System",
    "start": "2013-01-01T00:00:00.000",
    "ende": "2018-03-28T00:00:00.000",
    "aktiv": false,
    "kurzName": "PDS",
    "anmerkung": "Übernahme V3 PO",
    "auftraggeber": "Peter Blumauer",
    "auftraggeberOrganisation": "BMI-III/3",
    "produktTyp": "ANWENDUNG",
    "produktPosition": [],
    "stundenplanung": []
  },
  {
    "id": "2600000000090",
    "version": 2,
    "deleted": false,
    "produktname": "Technische Protokoll-Auswertung",
    "start": "2005-01-01T00:00:00.000",
    "ende": "9999-12-31T00:00:00.000",
    "aktiv": true,
    "kurzName": "TPA",
    "anmerkung": "vormals Hofstätter Wernhard",
    "auftraggeber": "Habermann Robert",
    "auftraggeberOrganisation": "III/7/a",
    "produktTyp": "ANWENDUNG",
    "produktPosition": [],
    "stundenplanung": []
  },
  {
    "id": "2600000000092",
    "version": 2,
    "deleted": false,
    "produktname": "Servicetabellen - internes Service",
    "start": "1980-01-01T00:00:00.000",
    "ende": "9999-12-31T00:00:00.000",
    "aktiv": true,
    "kurzName": "TAB",
    "auftraggeber": "Sektion II",
    "auftraggeberOrganisation": ".BK",
    "produktTyp": "ANWENDUNG",
    "produktPosition": [],
    "stundenplanung": []
  },
  {
    "id": "2600000000094",
    "version": 1,
    "deleted": false,
    "produktname": "BEH (Behördentabelle - Internes Service)",
    "start": "1975-01-01T00:00:00.000",
    "ende": "2016-06-30T00:00:00.000",
    "aktiv": false,
    "kurzName": "BEH",
    "anmerkung": "abgelöst durch ZOV",
    "auftraggeber": "Datenschutz",
    "auftraggeberOrganisation": "II/..",
    "produktTyp": "ANWENDUNG",
    "produktPosition": [],
    "stundenplanung": []
  },
  {
    "id": "2600000000096",
    "version": 1,
    "deleted": false,
    "produktname": "IV/2 Abteilungsinformation und -management System",
    "start": "2000-01-01T00:00:00.000",
    "ende": "9999-12-31T00:00:00.000",
    "aktiv": false,
    "kurzName": "AIM-S",
    "auftraggeber": "Fandler Mike",
    "auftraggeberOrganisation": "IV/2",
    "produktTyp": "ANWENDUNG",
    "produktPosition": [],
    "stundenplanung": []
  },
  {
    "id": "2600000000098",
    "version": 3,
    "deleted": false,
    "produktname": "BM.I Portalverbund",
    "start": "2016-04-14T00:00:00.000",
    "ende": "9999-12-31T00:00:00.000",
    "aktiv": true,
    "kurzName": "PORTAL",
    "anmerkung": "vormals Stradal Harald",
    "auftraggeber": "Feiner Hermann",
    "auftraggeberOrganisation": "IV/B",
    "produktTyp": "ANWENDUNG",
    "produktPosition": [],
    "stundenplanung": []
  },
  {
    "id": "2600000000100",
    "version": 5,
    "deleted": false,
    "produktname": "Zentrales Amtssignaturservice",
    "start": "2010-04-15T00:00:00.000",
    "ende": "9999-12-31T00:00:00.000",
    "aktiv": true,
    "kurzName": "ASS",
    "anmerkung": "gggk",
    "auftraggeber": "Jürgen Springer",
    "auftraggeberOrganisation": "BMI-I/2",
    "produktTyp": "ANWENDUNG",
    "produktPosition": [],
    "stundenplanung": []
  },
  {
    "id": "2600000000102",
    "version": 1,
    "deleted": false,
    "produktname": "Forms and Services",
    "start": "2013-01-01T00:00:00.000",
    "ende": "9999-12-31T00:00:00.000",
    "aktiv": true,
    "kurzName": "FNS",
    "auftraggeber": "Rudolf Platzer",
    "auftraggeberOrganisation": "BMI-III",
    "produktTyp": "ANWENDUNG",
    "produktPosition": [],
    "stundenplanung": []
  },
  {
    "id": "2600000000104",
    "version": 2,
    "deleted": false,
    "produktname": "Webbasierende Datenerfassung V2",
    "start": "2010-10-08T00:00:00.000",
    "ende": "9999-12-31T00:00:00.000",
    "aktiv": true,
    "kurzName": "DEX",
    "auftraggeber": "Scheuer Roman",
    "auftraggeberOrganisation": " II/1/b .BK (Zentrale Claeringstelle)",
    "produktTyp": "ANWENDUNG",
    "produktPosition": [],
    "stundenplanung": []
  },
  {
    "id": "2600000000106",
    "version": 2,
    "deleted": false,
    "produktname": "Ergänzungsregister für natürliche Personen",
    "start": "2013-01-01T00:00:00.000",
    "ende": "9999-12-31T00:00:00.000",
    "aktiv": true,
    "kurzName": "ERNP",
    "auftraggeber": "Marcus Hild",
    "auftraggeberOrganisation": "BKA Datenschutzbehörde",
    "produktTyp": "ANWENDUNG",
    "produktPosition": [],
    "stundenplanung": []
  },
  {
    "id": "2600000000108",
    "version": 2,
    "deleted": false,
    "produktname": "LYON INTERPOL GATEWAY",
    "start": "2013-01-01T00:00:00.000",
    "ende": "9999-12-31T00:00:00.000",
    "aktiv": true,
    "kurzName": "LYG",
    "auftraggeber": "??",
    "auftraggeberOrganisation": ".BK",
    "produktTyp": "ANWENDUNG",
    "produktPosition": [],
    "stundenplanung": []
  },
  {
    "id": "2600000000110",
    "version": 3,
    "deleted": false,
    "produktname": "Europäische Bürgerinitiative",
    "start": "2013-02-15T00:00:00.000",
    "ende": "9999-12-31T00:00:00.000",
    "aktiv": true,
    "kurzName": "EBI",
    "auftraggeber": "Robert Stein",
    "auftraggeberOrganisation": "BMI-III/6",
    "produktTyp": "ANWENDUNG",
    "produktPosition": [],
    "stundenplanung": []
  },
  {
    "id": "2600000000112",
    "version": 1,
    "deleted": false,
    "produktname": "elektronische Publikation",
    "start": "2013-11-01T00:00:00.000",
    "ende": "9999-12-31T00:00:00.000",
    "aktiv": true,
    "kurzName": "ePub",
    "auftraggeber": "Fandler Mike",
    "auftraggeberOrganisation": "IV/2",
    "produktTyp": "ANWENDUNG",
    "produktPosition": [],
    "stundenplanung": []
  },
  {
    "id": "2600000000114",
    "version": 1,
    "deleted": false,
    "produktname": "Diakritisches Zeichenservice",
    "start": "2016-04-14T00:00:00.000",
    "ende": "2018-03-29T00:00:00.000",
    "aktiv": false,
    "kurzName": "DIAZ",
    "anmerkung": "Übernahme V3 PO; PP ZMR",
    "auftraggeber": "Fandler Mike",
    "auftraggeberOrganisation": "IV/2",
    "produktTyp": "ANWENDUNG",
    "produktPosition": [],
    "stundenplanung": []
  },
  {
    "id": "2600000000116",
    "version": 1,
    "deleted": false,
    "produktname": "BM.I Anfrage Plattform",
    "start": "2016-01-25T00:00:00.000",
    "ende": "9999-12-31T00:00:00.000",
    "aktiv": true,
    "kurzName": "IAP",
    "auftraggeber": "Fandler Mike",
    "auftraggeberOrganisation": "IV/2",
    "produktTyp": "ANWENDUNG",
    "produktPosition": [],
    "stundenplanung": []
  },
  {
    "id": "2600000000118",
    "version": 1,
    "deleted": false,
    "produktname": "Spuren und Trefferverwaltung",
    "start": "2015-01-01T00:00:00.000",
    "ende": "9999-12-31T00:00:00.000",
    "aktiv": true,
    "kurzName": "STV",
    "auftraggeber": "Schmid Reinhard",
    "auftraggeberOrganisation": "BMI-II/BK/6.1",
    "produktTyp": "ANWENDUNG",
    "produktPosition": [],
    "stundenplanung": []
  },
  {
    "id": "2600000000120",
    "version": 1,
    "deleted": false,
    "produktname": "GWR (Gebäude- und Wohnsitzregister)",
    "start": "2013-01-01T00:00:00.000",
    "ende": "2017-08-21T00:00:00.000",
    "aktiv": false,
    "kurzName": "GWR",
    "anmerkung": "Nachfolger: AGS - Aufgelassein im Budget-2018 Meeting",
    "auftraggeber": "Mike Fandler",
    "auftraggeberOrganisation": "BMI-IV/2",
    "produktTyp": "ANWENDUNG",
    "produktPosition": [],
    "stundenplanung": []
  },
  {
    "id": "2600000000122",
    "version": 1,
    "deleted": false,
    "produktname": "ZMR/SZR Kombi Abfrage",
    "start": "2013-01-01T00:00:00.000",
    "ende": "2018-03-28T00:00:00.000",
    "aktiv": false,
    "kurzName": "KAB",
    "anmerkung": "Übernahme V3 PO",
    "auftraggeber": "Marcus Hild",
    "auftraggeberOrganisation": "Datenschutzbehörde",
    "produktTyp": "ANWENDUNG",
    "produktPosition": [],
    "stundenplanung": []
  },
  {
    "id": "2600000000124",
    "version": 1,
    "deleted": false,
    "produktname": "Lokales Melderegister",
    "start": "2013-01-01T00:00:00.000",
    "ende": "9999-12-31T00:00:00.000",
    "aktiv": true,
    "kurzName": "LMR",
    "auftraggeber": "Michael Stark",
    "auftraggeberOrganisation": "Fa. Comm-Unity",
    "produktTyp": "ANWENDUNG",
    "produktPosition": [],
    "stundenplanung": []
  },
  {
    "id": "2600000000126",
    "version": 2,
    "deleted": false,
    "produktname": "Personenfahndung/Personeninformation",
    "start": "1970-01-01T00:00:00.000",
    "ende": "9999-12-31T00:00:00.000",
    "aktiv": true,
    "kurzName": "PFX",
    "auftraggeber": "??",
    "auftraggeberOrganisation": ".BK",
    "produktTyp": "ANWENDUNG",
    "produktPosition": [],
    "stundenplanung": []
  },
  {
    "id": "2600000000128",
    "version": 1,
    "deleted": false,
    "produktname": "Rechtsberatersystem",
    "start": "2013-01-01T00:00:00.000",
    "ende": "9999-12-31T00:00:00.000",
    "aktiv": true,
    "kurzName": "RBS",
    "auftraggeber": "Karl Hilbert",
    "auftraggeberOrganisation": "BMI-III/5",
    "produktTyp": "ANWENDUNG",
    "produktPosition": [],
    "stundenplanung": []
  },
  {
    "id": "2600000000130",
    "version": 1,
    "deleted": false,
    "produktname": "Städte Meldewesen Integration",
    "start": "2013-01-01T00:00:00.000",
    "ende": "9999-12-31T00:00:00.000",
    "aktiv": true,
    "kurzName": "SMI",
    "auftraggeber": "Rudolf Platzer",
    "auftraggeberOrganisation": "BMI-III",
    "produktTyp": "ANWENDUNG",
    "produktPosition": [],
    "stundenplanung": []
  },
  {
    "id": "2600000000132",
    "version": 2,
    "deleted": false,
    "produktname": "Zentrales Personenstandsregister",
    "start": "2013-01-01T00:00:00.000",
    "ende": "2016-12-31T00:00:00.000",
    "aktiv": true,
    "kurzName": "ZPR",
    "auftraggeber": "Dieter Hudsky",
    "auftraggeberOrganisation": "BMI-III/4",
    "produktTyp": "ANWENDUNG",
    "produktPosition": [],
    "stundenplanung": []
  },
  {
    "id": "2600000000134",
    "version": 1,
    "deleted": false,
    "produktname": "Einsatz- und Planungssystem",
    "start": "2013-01-01T00:00:00.000",
    "ende": "9999-12-31T00:00:00.000",
    "aktiv": true,
    "kurzName": "EPS",
    "auftraggeber": "Terlecki Alexander",
    "auftraggeberOrganisation": "BMI-II/2/a",
    "produktTyp": "ANWENDUNG",
    "produktPosition": [],
    "stundenplanung": []
  },
  {
    "id": "2600000000136",
    "version": 1,
    "deleted": false,
    "produktname": "Sicherheits-APP der Polizei",
    "start": "2015-07-14T00:00:00.000",
    "ende": "2018-03-28T00:00:00.000",
    "aktiv": false,
    "kurzName": "SIAPP",
    "anmerkung": "Übernahme V3 PO; vormals Halwachs Thomas",
    "auftraggeber": "Roman D'Alessio",
    "auftraggeberOrganisation": "BMI II/BK/1.4",
    "produktTyp": "ANWENDUNG",
    "produktPosition": [],
    "stundenplanung": []
  },
  {
    "id": "2600000000138",
    "version": 1,
    "deleted": false,
    "produktname": "Duale Zustellung",
    "start": "2015-07-07T00:00:00.000",
    "ende": "9999-12-31T00:00:00.000",
    "aktiv": true,
    "kurzName": "DUZ",
    "anmerkung": "Allgemeines Service",
    "auftraggeber": "Sektionschef IV",
    "auftraggeberOrganisation": "Abteilung IV/2",
    "produktTyp": "ANWENDUNG",
    "produktPosition": [],
    "stundenplanung": []
  },
  {
    "id": "2600000000140",
    "version": 1,
    "deleted": false,
    "produktname": "Zentrale Drehscheibe elektronischer Rechtsverkehr",
    "start": "2006-01-01T00:00:00.000",
    "ende": "9999-12-31T00:00:00.000",
    "aktiv": true,
    "kurzName": "ZRV",
    "auftraggeber": "Doleschal Jürgen",
    "auftraggeberOrganisation": "II/14",
    "produktTyp": "ANWENDUNG",
    "produktPosition": [],
    "stundenplanung": []
  },
  {
    "id": "2600000000142",
    "version": 5,
    "deleted": false,
    "produktname": "Beweismittelserver",
    "start": "2014-12-19T00:00:00.000",
    "ende": "9999-12-31T00:00:00.000",
    "aktiv": true,
    "kurzName": "BMS",
    "anmerkung": "Vormals Rasser Wolfgang",
    "auftraggeber": "Doleschal Jürgen",
    "auftraggeberOrganisation": "II/14",
    "produktTyp": "ANWENDUNG",
    "produktPosition": [],
    "stundenplanung": []
  },
  {
    "id": "2600000000144",
    "version": 3,
    "deleted": false,
    "produktname": "Digitales Print-Center",
    "start": "2016-04-14T00:00:00.000",
    "ende": "2099-12-31T00:00:00.000",
    "aktiv": true,
    "kurzName": "DPC",
    "anmerkung": "Übernahme V3 PO",
    "auftraggeber": "Fandler Mike",
    "auftraggeberOrganisation": "IV/2",
    "produktTyp": "ANWENDUNG",
    "produktPosition": [],
    "stundenplanung": []
  },
  {
    "id": "2600000000146",
    "version": 4,
    "deleted": false,
    "produktname": "Gesichtsfelderkennungssystem",
    "start": "2015-08-07T00:00:00.000",
    "ende": "9999-12-31T00:00:00.000",
    "aktiv": true,
    "kurzName": "GFE",
    "auftraggeber": "??",
    "auftraggeberOrganisation": ".BK",
    "produktTyp": "ANWENDUNG",
    "produktPosition": [],
    "stundenplanung": []
  },
  {
    "id": "2600000000148",
    "version": 3,
    "deleted": false,
    "produktname": "administrative Tätigkeiten",
    "start": "2010-01-01T00:00:00.000",
    "ende": "9999-12-31T00:00:00.000",
    "aktiv": true,
    "kurzName": "admin.Tätigkeit",
    "anmerkung": "administrative Aufwände",
    "auftraggeber": "Fandler Mike",
    "auftraggeberOrganisation": "IV/2",
    "produktTyp": "ANWENDUNG",
    "produktPosition": [],
    "stundenplanung": []
  },
  {
    "id": "2600000000150",
    "version": 2,
    "deleted": false,
    "produktname": "Automatisiertes Fingerabdruck Identifizierungs System",
    "start": "1990-01-01T00:00:00.000",
    "ende": "9999-12-31T00:00:00.000",
    "aktiv": true,
    "kurzName": "AFIS",
    "auftraggeber": "Reinhard Schmid",
    "auftraggeberOrganisation": "BMI-II/BK/6.1",
    "produktTyp": "ANWENDUNG",
    "produktPosition": [],
    "stundenplanung": []
  },
  {
    "id": "2600000000152",
    "version": 1,
    "deleted": false,
    "produktname": "APS (Automation Protokoll und Strafwesen)",
    "start": "2016-07-22T00:00:00.000",
    "ende": "2016-07-22T00:00:00.000",
    "aktiv": false,
    "produktTyp": "ANWENDUNG",
    "produktPosition": [],
    "stundenplanung": []
  },
  {
    "id": "2600000000154",
    "version": 1,
    "deleted": false,
    "produktname": "BM.I Trustcenter (MRTD,ICAO-PKD,SPOC,TCC,CSCA,CVCA,DV,IS)",
    "start": "2005-08-25T00:00:00.000",
    "ende": "2018-03-28T00:00:00.000",
    "aktiv": false,
    "kurzName": "BMI-TC",
    "anmerkung": "Übernahme V3 PO",
    "auftraggeber": "Fandler Mike",
    "auftraggeberOrganisation": "IV/2",
    "produktTyp": "ANWENDUNG",
    "produktPosition": [],
    "stundenplanung": []
  },
  {
    "id": "2600000000156",
    "version": 2,
    "deleted": false,
    "produktname": "PRÜM",
    "start": "2013-01-01T00:00:00.000",
    "ende": "9999-12-31T00:00:00.000",
    "aktiv": true,
    "kurzName": "PRÜM",
    "anmerkung": "vormals BIOGATE",
    "auftraggeber": "Schmid Reinhard",
    "auftraggeberOrganisation": "BMI-II/BK/6.1",
    "produktTyp": "ANWENDUNG",
    "produktPosition": [],
    "stundenplanung": []
  },
  {
    "id": "2600000000158",
    "version": 1,
    "deleted": false,
    "produktname": "LP III_ESS-Team",
    "start": "2016-04-21T00:00:00.000",
    "ende": "2016-04-21T00:00:00.000",
    "aktiv": false,
    "produktTyp": "ANWENDUNG",
    "produktPosition": [],
    "stundenplanung": []
  },
  {
    "id": "2600000000160",
    "version": 1,
    "deleted": false,
    "produktname": "!Test",
    "start": "2016-11-02T00:00:00.000",
    "ende": "1999-01-01T00:00:00.000",
    "aktiv": false,
    "kurzName": "Tst",
    "anmerkung": "ET",
    "auftraggeber": "ich",
    "auftraggeberOrganisation": "du",
    "produktTyp": "ANWENDUNG",
    "produktPosition": [],
    "stundenplanung": []
  },
  {
    "id": "2600000000162",
    "version": 3,
    "deleted": false,
    "produktname": "Zentraler Adress/Geoinfo Service",
    "start": "2013-10-24T00:00:00.000",
    "ende": "9999-12-31T00:00:00.000",
    "aktiv": true,
    "kurzName": "AGS",
    "auftraggeber": "Elsinger Manfred",
    "auftraggeberOrganisation": "IV/2",
    "produktTyp": "ANWENDUNG",
    "produktPosition": [],
    "stundenplanung": []
  },
  {
    "id": "2600000000164",
    "version": 1,
    "deleted": false,
    "produktname": "IV/2 Abteilungsinformation und -management System",
    "start": "2007-04-01T00:00:00.000",
    "ende": "2018-03-28T00:00:00.000",
    "aktiv": false,
    "kurzName": "AIM-S",
    "anmerkung": "Übernahme V3 PO",
    "auftraggeber": "Fandler Mike",
    "auftraggeberOrganisation": "IV/2",
    "produktTyp": "ANWENDUNG",
    "produktPosition": [],
    "stundenplanung": []
  },
  {
    "id": "2600000000166",
    "version": 2,
    "deleted": false,
    "produktname": "Auflösung der BH Wien Umgebung",
    "start": "2015-12-01T00:00:00.000",
    "ende": "2017-08-21T00:00:00.000",
    "aktiv": false,
    "kurzName": "BH-WU",
    "anmerkung": "DV vorher Muxel-Rberger - Abschluss im Budget-2018 Meeting",
    "auftraggeber": "Ursula Muxel-Raberger",
    "auftraggeberOrganisation": "BMI-IV/9",
    "produktTyp": "ANWENDUNG",
    "produktPosition": [],
    "stundenplanung": []
  },
  {
    "id": "2600000000168",
    "version": 3,
    "deleted": false,
    "produktname": "Betreuung_I_1_g",
    "start": "2016-02-02T00:00:00.000",
    "ende": "2016-11-23T00:00:00.000",
    "aktiv": false,
    "kurzName": "Bet",
    "auftraggeber": "??",
    "auftraggeberOrganisation": "I/1/g",
    "produktTyp": "ANWENDUNG",
    "produktPosition": [],
    "stundenplanung": []
  },
  {
    "id": "2600000000170",
    "version": 2,
    "deleted": false,
    "produktname": "DNA-Analyse",
    "start": "2000-01-01T00:00:00.000",
    "ende": "9999-12-31T00:00:00.000",
    "aktiv": true,
    "kurzName": "DNA",
    "auftraggeber": "Schmid Reinhard",
    "auftraggeberOrganisation": "BMI-II/BK/6.1",
    "produktTyp": "ANWENDUNG",
    "produktPosition": [],
    "stundenplanung": []
  },
  {
    "id": "2600000000172",
    "version": 1,
    "deleted": false,
    "produktname": "Entwicklungsbackend-System",
    "start": "2015-12-01T00:00:00.000",
    "ende": "9999-12-31T00:00:00.000",
    "aktiv": true,
    "kurzName": "EBS",
    "auftraggeber": "Fandler Mike",
    "auftraggeberOrganisation": "IV/2",
    "produktTyp": "ANWENDUNG",
    "produktPosition": [],
    "stundenplanung": []
  },
  {
    "id": "2600000000174",
    "version": 1,
    "deleted": false,
    "produktname": "eDA (elektr. Dienstausweis)",
    "start": "2008-01-01T00:00:00.000",
    "ende": "2017-08-31T00:00:00.000",
    "aktiv": false,
    "kurzName": "EDA",
    "anmerkung": "lt. Gottwald eingestellt",
    "auftraggeber": "Robert Stein",
    "auftraggeberOrganisation": "BMI-III/6",
    "produktTyp": "ANWENDUNG",
    "produktPosition": [],
    "stundenplanung": []
  },
  {
    "id": "2600000000176",
    "version": 1,
    "deleted": false,
    "produktname": "e-ID",
    "start": "2015-09-21T00:00:00.000",
    "ende": "9999-12-31T00:00:00.000",
    "aktiv": true,
    "kurzName": "e-ID",
    "anmerkung": "vormals Rasser Wolfgng",
    "auftraggeber": "BM Mag. Wolfgang Sobotka",
    "auftraggeberOrganisation": "BMI-KBM",
    "produktTyp": "ANWENDUNG",
    "produktPosition": [],
    "stundenplanung": []
  },
  {
    "id": "2600000000178",
    "version": 2,
    "deleted": false,
    "produktname": "eIDAS",
    "start": "2015-08-24T00:00:00.000",
    "ende": "9999-12-31T00:00:00.000",
    "aktiv": true,
    "kurzName": "eIDAS",
    "auftraggeber": "??",
    "auftraggeberOrganisation": "??",
    "produktTyp": "ANWENDUNG",
    "produktPosition": [],
    "stundenplanung": []
  },
  {
    "id": "2600000000180",
    "version": 1,
    "deleted": false,
    "produktname": "Einreiselogistik",
    "start": "2015-12-01T00:00:00.000",
    "ende": "2016-12-31T00:00:00.000",
    "aktiv": false,
    "kurzName": "ERL",
    "anmerkung": "keine Übernahme in neues GetIT",
    "auftraggeber": "??",
    "auftraggeberOrganisation": "??",
    "produktTyp": "ANWENDUNG",
    "produktPosition": [],
    "stundenplanung": []
  },
  {
    "id": "2600000000182",
    "version": 1,
    "deleted": false,
    "produktname": "!test2",
    "start": "2016-11-15T00:00:00.000",
    "ende": "2016-12-31T00:00:00.000",
    "aktiv": false,
    "anmerkung": "test",
    "auftraggeber": "bm",
    "auftraggeberOrganisation": "bmi",
    "produktTyp": "ANWENDUNG",
    "produktPosition": [],
    "stundenplanung": []
  },
  {
    "id": "2600000000184",
    "version": 2,
    "deleted": false,
    "produktname": "EURODAC",
    "start": "2003-01-15T00:00:00.000",
    "ende": "9999-12-31T00:00:00.000",
    "aktiv": true,
    "kurzName": "EURODAC",
    "auftraggeber": "EU",
    "auftraggeberOrganisation": ".BK",
    "produktTyp": "ANWENDUNG",
    "produktPosition": [],
    "stundenplanung": []
  },
  {
    "id": "2600000000186",
    "version": 1,
    "deleted": false,
    "produktname": "Enrolment Service Application",
    "start": "2014-09-22T00:00:00.000",
    "ende": "9999-12-31T00:00:00.000",
    "aktiv": true,
    "kurzName": "ESA",
    "auftraggeber": "Schmid Reinhard",
    "auftraggeberOrganisation": "BMI-II/BK/6.1",
    "produktTyp": "ANWENDUNG",
    "produktPosition": [],
    "stundenplanung": []
  },
  {
    "id": "2600000000188",
    "version": 1,
    "deleted": false,
    "produktname": "ESS-Bereitschaft",
    "start": "2016-01-01T00:00:00.000",
    "ende": "9999-12-31T00:00:00.000",
    "aktiv": true,
    "kurzName": "ESS-B",
    "auftraggeber": "Fandler Mike",
    "auftraggeberOrganisation": "IV/2",
    "produktTyp": "ANWENDUNG",
    "produktPosition": [],
    "stundenplanung": []
  },
  {
    "id": "2600000000190",
    "version": 2,
    "deleted": false,
    "produktname": "EU Policy",
    "start": "2013-07-01T00:00:00.000",
    "ende": "9999-12-31T00:00:00.000",
    "aktiv": true,
    "kurzName": "EU-P",
    "anmerkung": "vormals Halwachs",
    "auftraggeber": "??",
    "auftraggeberOrganisation": "??",
    "produktTyp": "ANWENDUNG",
    "produktPosition": [],
    "stundenplanung": []
  },
  {
    "id": "2600000000192",
    "version": 2,
    "deleted": false,
    "produktname": "Eucaris",
    "start": "2016-11-16T00:00:00.000",
    "ende": "9999-12-31T00:00:00.000",
    "aktiv": true,
    "kurzName": "EUCARIS",
    "auftraggeber": "EU",
    "auftraggeberOrganisation": ".BK",
    "produktTyp": "ANWENDUNG",
    "produktPosition": [],
    "stundenplanung": []
  },
  {
    "id": "2600000000194",
    "version": 1,
    "deleted": false,
    "produktname": "FADO (False-Authentic-DOcuments)",
    "start": "2005-03-01T00:00:00.000",
    "ende": "2016-12-31T00:00:00.000",
    "aktiv": false,
    "kurzName": "FADO",
    "anmerkung": "keine Infos gefunden; keine Übernahme in neues GetIT",
    "auftraggeber": "???",
    "auftraggeberOrganisation": "???",
    "produktTyp": "ANWENDUNG",
    "produktPosition": [],
    "stundenplanung": []
  },
  {
    "id": "2600000000196",
    "version": 5,
    "deleted": false,
    "produktname": "Tätigkeitsbericht IV/2",
    "start": "2018-02-06T00:00:00.000",
    "ende": "9999-12-31T00:00:00.000",
    "aktiv": true,
    "kurzName": "GET-IT",
    "auftraggeber": "Fandler Mike",
    "auftraggeberOrganisation": "IV/2",
    "produktTyp": "ANWENDUNG",
    "produktPosition": [],
    "stundenplanung": []
  },
  {
    "id": "2600000000198",
    "version": 3,
    "deleted": false,
    "produktname": "Grenzkontrollsystem",
    "start": "2013-01-01T00:00:00.000",
    "ende": "2016-12-31T00:00:00.000",
    "aktiv": true,
    "kurzName": "GKS",
    "auftraggeber": "Regine Wieselthaler-Buchmann",
    "auftraggeberOrganisation": ".BK",
    "produktTyp": "ANWENDUNG",
    "produktPosition": [],
    "stundenplanung": []
  },
  {
    "id": "2600000000200",
    "version": 1,
    "deleted": false,
    "produktname": "Government Internet Exchange",
    "start": "2013-10-01T00:00:00.000",
    "ende": "2018-03-28T00:00:00.000",
    "aktiv": false,
    "kurzName": "GovIX",
    "anmerkung": "Übernahme V3 PO",
    "auftraggeber": "Robert Gottwald",
    "auftraggeberOrganisation": "BKA",
    "produktTyp": "ANWENDUNG",
    "produktPosition": [],
    "stundenplanung": []
  },
  {
    "id": "2600000000202",
    "version": 2,
    "deleted": false,
    "produktname": "Gross-Straf-Verfahren m2n",
    "start": "2016-02-15T00:00:00.000",
    "ende": "2018-12-31T00:00:00.000",
    "aktiv": false,
    "kurzName": "GStV",
    "anmerkung": "Verwaltungsübereinkommen durch Löff - läuft künftig unter KIS .BK",
    "auftraggeber": "SL Feiner",
    "auftraggeberOrganisation": "Sektion IV",
    "produktTyp": "ANWENDUNG",
    "produktPosition": [],
    "stundenplanung": []
  },
  {
    "id": "2600000000204",
    "version": 1,
    "deleted": false,
    "produktname": "Info Bridge",
    "start": "2013-01-01T00:00:00.000",
    "ende": "2018-03-28T00:00:00.000",
    "aktiv": false,
    "kurzName": "IBR",
    "anmerkung": "Übernahme V3 PO",
    "auftraggeber": "Mike Fandler",
    "auftraggeberOrganisation": "BMI-IV/2",
    "produktTyp": "ANWENDUNG",
    "produktPosition": [],
    "stundenplanung": []
  },
  {
    "id": "2600000000206",
    "version": 1,
    "deleted": false,
    "produktname": "Informations-Sicherheits-Management-System",
    "start": "2006-08-29T00:00:00.000",
    "ende": "2018-03-28T00:00:00.000",
    "aktiv": false,
    "kurzName": "ISMS",
    "anmerkung": "Übernahme V3 PO",
    "auftraggeber": "Robert Gottwald",
    "auftraggeberOrganisation": "BMI-IV/2/c",
    "produktTyp": "ANWENDUNG",
    "produktPosition": [],
    "stundenplanung": []
  },
  {
    "id": "2600000000208",
    "version": 1,
    "deleted": false,
    "produktname": "Ticketingsystem IV/2",
    "start": "2014-10-08T00:00:00.000",
    "ende": "2018-03-28T00:00:00.000",
    "aktiv": false,
    "kurzName": "JIRA",
    "anmerkung": "Übernahme V3 PO",
    "auftraggeber": "Fandler Mike",
    "auftraggeberOrganisation": "IV/2",
    "produktTyp": "ANWENDUNG",
    "produktPosition": [],
    "stundenplanung": []
  },
  {
    "id": "2600000000210",
    "version": 1,
    "deleted": false,
    "produktname": "ZMR/SZR Kombi Info Bridge",
    "start": "2013-01-01T00:00:00.000",
    "ende": "2018-03-28T00:00:00.000",
    "aktiv": false,
    "kurzName": "KIB",
    "anmerkung": "Übernahme V3 PO",
    "auftraggeber": "Mike Fandler",
    "auftraggeberOrganisation": "BMI-IV/2",
    "produktTyp": "ANWENDUNG",
    "produktPosition": [],
    "stundenplanung": []
  },
  {
    "id": "2600000000212",
    "version": 1,
    "deleted": false,
    "produktname": "LP3 (IBM Leistungspartnerschaft 3)",
    "start": "2013-01-01T00:00:00.000",
    "ende": "2016-12-31T00:00:00.000",
    "aktiv": false,
    "kurzName": "LP3",
    "auftraggeber": "Feiner Hermann",
    "auftraggeberOrganisation": "IV",
    "produktTyp": "ANWENDUNG",
    "produktPosition": [],
    "stundenplanung": []
  },
  {
    "id": "2600000000214",
    "version": 2,
    "deleted": false,
    "produktname": "BM.I / IBM Leistungspartnerschaft",
    "start": "2015-07-07T00:00:00.000",
    "ende": "2021-12-31T00:00:00.000",
    "aktiv": true,
    "kurzName": "LP4",
    "auftraggeber": "Feiner Hermann",
    "auftraggeberOrganisation": "Sektion IV",
    "produktTyp": "ANWENDUNG",
    "produktPosition": [],
    "stundenplanung": []
  },
  {
    "id": "2600000000216",
    "version": 1,
    "deleted": false,
    "produktname": "Verfahrensdatenbank",
    "start": "2016-03-03T00:00:00.000",
    "ende": "9999-12-31T00:00:00.000",
    "aktiv": true,
    "kurzName": "LPD",
    "auftraggeber": "Alfred Czech",
    "auftraggeberOrganisation": "BMI-II/1/c",
    "produktTyp": "ANWENDUNG",
    "produktPosition": [],
    "stundenplanung": []
  },
  {
    "id": "2600000000218",
    "version": 2,
    "deleted": false,
    "produktname": "Leistungserfassung IV/9",
    "start": "2017-01-01T00:00:00.000",
    "ende": "2019-08-31T00:00:00.000",
    "aktiv": false,
    "kurzName": "LE IV/9",
    "anmerkung": "Skartierung - Verwaltung Abt. IV/9",
    "auftraggeber": "Blank Markus",
    "auftraggeberOrganisation": "IV/9",
    "produktTyp": "ANWENDUNG",
    "produktPosition": [],
    "stundenplanung": []
  },
  {
    "id": "2600000000220",
    "version": 1,
    "deleted": false,
    "produktname": "MR-DB Menschenrechts-Datenbank",
    "start": "2005-11-24T00:00:00.000",
    "ende": "2017-08-31T00:00:00.000",
    "aktiv": false,
    "kurzName": "MR-DB",
    "anmerkung": "eingestellt lt Gottwald",
    "auftraggeber": "??",
    "auftraggeberOrganisation": "??",
    "produktTyp": "ANWENDUNG",
    "produktPosition": [],
    "stundenplanung": []
  },
  {
    "id": "2600000000222",
    "version": 1,
    "deleted": false,
    "produktname": "OE-IKT (Organisationsevaluierung IKT)",
    "start": "2013-04-01T00:00:00.000",
    "ende": "2017-06-30T00:00:00.000",
    "aktiv": false,
    "kurzName": "OE-IKT",
    "auftraggeber": "Feiner Hermann",
    "auftraggeberOrganisation": "IV",
    "produktTyp": "ANWENDUNG",
    "produktPosition": [],
    "stundenplanung": []
  },
  {
    "id": "2600000000224",
    "version": 2,
    "deleted": false,
    "produktname": "Sachenfahndung",
    "start": "2010-04-20T00:00:00.000",
    "ende": "9999-12-31T00:00:00.000",
    "aktiv": true,
    "kurzName": "SAFA",
    "auftraggeber": "??",
    "auftraggeberOrganisation": ".BK",
    "produktTyp": "ANWENDUNG",
    "produktPosition": [],
    "stundenplanung": []
  },
  {
    "id": "2600000000226",
    "version": 1,
    "deleted": false,
    "produktname": "e-Learning Campus",
    "start": "2014-10-02T00:00:00.000",
    "ende": "9999-12-31T00:00:00.000",
    "aktiv": true,
    "kurzName": "SIAK",
    "auftraggeber": "Markus Richter",
    "auftraggeberOrganisation": "BMI-I/9-ZRU",
    "produktTyp": "ANWENDUNG",
    "produktPosition": [],
    "stundenplanung": []
  },
  {
    "id": "2600000000228",
    "version": 1,
    "deleted": false,
    "produktname": "servernahe Anwendungen",
    "start": "2015-02-01T00:00:00.000",
    "ende": "2017-08-31T00:00:00.000",
    "aktiv": false,
    "anmerkung": "Produkt aufgelassen; Durch Einsatz der Dev-OPS abgelöst",
    "auftraggeber": "Fandker Mike",
    "auftraggeberOrganisation": "IV/2",
    "produktTyp": "ANWENDUNG",
    "produktPosition": [],
    "stundenplanung": []
  },
  {
    "id": "2600000000230",
    "version": 1,
    "deleted": false,
    "produktname": "Sicherheitsbürger",
    "start": "2015-02-17T00:00:00.000",
    "ende": "2018-03-28T00:00:00.000",
    "aktiv": false,
    "kurzName": "SiBü",
    "anmerkung": "Übernahme V3 PO; vormals Halwachs Thomas",
    "auftraggeber": "Roman D'Alessio",
    "auftraggeberOrganisation": "BMI-IV/2/a",
    "produktTyp": "ANWENDUNG",
    "produktPosition": [],
    "stundenplanung": []
  },
  {
    "id": "2600000000232",
    "version": 3,
    "deleted": false,
    "produktname": "SIS Wartung & Betrieb",
    "start": "2015-01-01T00:00:00.000",
    "ende": "9999-12-31T00:00:00.000",
    "aktiv": true,
    "kurzName": "SIS",
    "auftraggeber": "EU",
    "auftraggeberOrganisation": ".BK",
    "produktTyp": "ANWENDUNG",
    "produktPosition": [],
    "stundenplanung": []
  },
  {
    "id": "2600000000234",
    "version": 2,
    "deleted": false,
    "produktname": "SNI Wartung & Betrieb",
    "start": "2015-01-01T00:00:00.000",
    "ende": "9999-12-31T00:00:00.000",
    "aktiv": true,
    "kurzName": "SNI",
    "auftraggeber": "EU",
    "auftraggeberOrganisation": ".BK",
    "produktTyp": "ANWENDUNG",
    "produktPosition": [],
    "stundenplanung": []
  },
  {
    "id": "2600000000236",
    "version": 1,
    "deleted": false,
    "produktname": "Zentrale Applikationsinformations-DB",
    "start": "2013-01-01T00:00:00.000",
    "ende": "9999-12-31T00:00:00.000",
    "aktiv": true,
    "kurzName": "ZAI",
    "auftraggeber": "Fandler Mike",
    "auftraggeberOrganisation": "IV/2",
    "produktTyp": "ANWENDUNG",
    "produktPosition": [],
    "stundenplanung": []
  },
  {
    "id": "2600000000238",
    "version": 1,
    "deleted": false,
    "produktname": "Zertifikatsevidenzsystem",
    "start": "2013-01-01T00:00:00.000",
    "ende": "2018-03-28T00:00:00.000",
    "aktiv": false,
    "kurzName": "ZERES",
    "anmerkung": "Übernahme V3 PO",
    "auftraggeber": "Fandler Mike",
    "auftraggeberOrganisation": "IV/2",
    "produktTyp": "ANWENDUNG",
    "produktPosition": [],
    "stundenplanung": []
  },
  {
    "id": "2600000000240",
    "version": 1,
    "deleted": false,
    "produktname": "Zentrale Ogranisationseinheitenverwaltung",
    "start": "2015-07-28T00:00:00.000",
    "ende": "9999-12-31T00:00:00.000",
    "aktiv": true,
    "kurzName": "ZOV",
    "anmerkung": "vormals Stradal Harald",
    "auftraggeber": "Fandler Mike",
    "auftraggeberOrganisation": "IV/2",
    "produktTyp": "ANWENDUNG",
    "produktPosition": [],
    "stundenplanung": []
  },
  {
    "id": "2600000000242",
    "version": 1,
    "deleted": false,
    "produktname": "Erweiterte Betriebsführung",
    "start": "2015-12-01T00:00:00.000",
    "ende": "9999-12-31T00:00:00.000",
    "aktiv": true,
    "kurzName": "EBF",
    "anmerkung": "ESS Buchungsplan",
    "auftraggeber": "Fandler Mike",
    "auftraggeberOrganisation": "IV/2",
    "produktTyp": "ANWENDUNG",
    "produktPosition": [],
    "stundenplanung": []
  },
  {
    "id": "2600000000244",
    "version": 2,
    "deleted": false,
    "produktname": "Gemeinsam sicher",
    "start": "2016-07-04T00:00:00.000",
    "ende": "9999-12-31T00:00:00.000",
    "aktiv": true,
    "kurzName": "BMI-Gs",
    "anmerkung": "vormals Halwachs",
    "auftraggeber": "BMI",
    "auftraggeberOrganisation": "KBM",
    "produktTyp": "ANWENDUNG",
    "produktPosition": [],
    "stundenplanung": []
  },
  {
    "id": "2600000000246",
    "version": 1,
    "deleted": false,
    "produktname": "Zentrales Wählerregister",
    "start": "2013-02-26T00:00:00.000",
    "ende": "9999-12-31T00:00:00.000",
    "aktiv": true,
    "kurzName": "ZeWaeR",
    "auftraggeber": "Stein Robert",
    "auftraggeberOrganisation": "BMI-III/6",
    "produktTyp": "ANWENDUNG",
    "produktPosition": [],
    "stundenplanung": []
  },
  {
    "id": "2600000000248",
    "version": 1,
    "deleted": false,
    "produktname": "Zertifikatsevidenzsystem",
    "start": "2013-01-01T00:00:00.000",
    "ende": "2018-03-28T00:00:00.000",
    "aktiv": false,
    "kurzName": "BMI-CA",
    "anmerkung": "Übernahme V3 PO",
    "auftraggeber": "Fandler Mike",
    "auftraggeberOrganisation": "IV/2",
    "produktTyp": "ANWENDUNG",
    "produktPosition": [],
    "stundenplanung": []
  },
  {
    "id": "2600000000250",
    "version": 2,
    "deleted": false,
    "produktname": "Project Office",
    "start": "2017-01-01T00:00:00.000",
    "ende": "9999-12-31T00:00:00.000",
    "aktiv": true,
    "kurzName": "PO",
    "auftraggeber": "Fandler Mike",
    "auftraggeberOrganisation": "IV/2",
    "produktTyp": "ANWENDUNG",
    "produktPosition": [],
    "stundenplanung": []
  },
  {
    "id": "2600000000252",
    "version": 3,
    "deleted": false,
    "produktname": "Kraftfahrzeug Zentralregister",
    "start": "2017-01-16T00:00:00.000",
    "ende": "9999-12-31T00:00:00.000",
    "aktiv": true,
    "kurzName": "KZR",
    "anmerkung": "AV aktuell Neuhold Alexandra",
    "auftraggeber": "??",
    "auftraggeberOrganisation": "??",
    "produktTyp": "ANWENDUNG",
    "produktPosition": [],
    "stundenplanung": []
  },
  {
    "id": "2600000000254",
    "version": 2,
    "deleted": false,
    "produktname": "Fremdenkartenbeauftragung",
    "start": "2010-01-01T00:00:00.000",
    "ende": "9999-12-31T00:00:00.000",
    "aktiv": true,
    "kurzName": "FKB2",
    "auftraggeber": "Schmid Reinhard, Wolfersberger Klaus",
    "auftraggeberOrganisation": "BMI-II/BK/6.1, BMI-II/BK/5.2",
    "produktTyp": "ANWENDUNG",
    "produktPosition": [],
    "stundenplanung": []
  },
  {
    "id": "2600000000256",
    "version": 1,
    "deleted": false,
    "produktname": "Steuerungsbericht",
    "start": "2016-08-31T00:00:00.000",
    "ende": "9999-12-31T00:00:00.000",
    "aktiv": true,
    "kurzName": "STE",
    "auftraggeber": "Gottfried Schubert",
    "auftraggeberOrganisation": "BMI-II/10/a",
    "produktTyp": "ANWENDUNG",
    "produktPosition": [],
    "stundenplanung": []
  },
  {
    "id": "2600000000258",
    "version": 2,
    "deleted": false,
    "produktname": "PAD-Schnittstellen",
    "start": "2015-01-01T00:00:00.000",
    "ende": "2019-06-18T00:00:00.000",
    "aktiv": false,
    "kurzName": "PAD-S",
    "anmerkung": "Einstellung nach Ansuchen M. Hosch per Mail 17.6.2019",
    "auftraggeber": "Kurt Brutenics",
    "auftraggeberOrganisation": "BMI-II/14/a",
    "produktTyp": "ANWENDUNG",
    "produktPosition": [],
    "stundenplanung": []
  },
  {
    "id": "2600000000260",
    "version": 4,
    "deleted": false,
    "produktname": "erweiterte Betriebsführung Microsoft",
    "start": "2017-01-01T00:00:00.000",
    "ende": "9999-12-31T00:00:00.000",
    "aktiv": true,
    "kurzName": "EBF MS",
    "auftraggeber": "Fandler Mike",
    "auftraggeberOrganisation": "IV/2",
    "produktTyp": "ANWENDUNG",
    "produktPosition": [],
    "stundenplanung": []
  },
  {
    "id": "2600000000262",
    "version": 2,
    "deleted": false,
    "produktname": "Psychologischer Dienst",
    "start": "2017-01-01T00:00:00.000",
    "ende": "9999-12-31T00:00:00.000",
    "aktiv": true,
    "kurzName": "PSY",
    "auftraggeber": "Claus Polndorfer",
    "auftraggeberOrganisation": "BMI-I/12/a",
    "produktTyp": "ANWENDUNG",
    "produktPosition": [],
    "stundenplanung": []
  },
  {
    "id": "2600000000264",
    "version": 5,
    "deleted": false,
    "produktname": "Auswertung von Geldwäscheverdachtsmomenten",
    "start": "2016-06-01T00:00:00.000",
    "ende": "2019-02-06T00:00:00.000",
    "aktiv": false,
    "kurzName": "goAML",
    "anmerkung": "bis Ausscheiden Bruckner! - Übernahme wegen ausscheiden Dissauer",
    "auftraggeber": "Dr. Scherschneva Elena",
    "auftraggeberOrganisation": ".BK II/BK/7/2",
    "produktTyp": "ANWENDUNG",
    "produktPosition": [],
    "stundenplanung": []
  },
  {
    "id": "2600000000266",
    "version": 4,
    "deleted": false,
    "produktname": "TOSCA",
    "start": "2017-01-01T00:00:00.000",
    "ende": "2019-02-26T00:00:00.000",
    "aktiv": false,
    "kurzName": "TOSCA",
    "anmerkung": "lt. AL JF am 26.2.2019 eingestellt!",
    "auftraggeber": "Simonitsch Günther",
    "auftraggeberOrganisation": "IV/B",
    "produktTyp": "ANWENDUNG",
    "produktPosition": [],
    "stundenplanung": []
  },
  {
    "id": "2600000000268",
    "version": 1,
    "deleted": false,
    "produktname": "Sirene EU Polizei Kommunikation",
    "start": "2017-01-01T00:00:00.000",
    "ende": "9999-12-31T00:00:00.000",
    "aktiv": true,
    "kurzName": "SIRENE",
    "auftraggeber": "Franz Lang",
    "auftraggeberOrganisation": "BMI-II/BK/2.3",
    "produktTyp": "ANWENDUNG",
    "produktPosition": [],
    "stundenplanung": []
  },
  {
    "id": "2600000000270",
    "version": 3,
    "deleted": false,
    "produktname": "Rechtsberatung IV/6",
    "start": "2017-01-01T00:00:00.000",
    "ende": "2018-03-28T00:00:00.000",
    "aktiv": false,
    "kurzName": "RB IV/6",
    "anmerkung": "Übernahme V3 PO; Verwaltung Fremdmitarbeiter Abt. IV/6",
    "auftraggeber": "Mag. Popolari Markus",
    "auftraggeberOrganisation": "IV/6",
    "produktTyp": "ANWENDUNG",
    "produktPosition": [],
    "stundenplanung": []
  },
  {
    "id": "2600000000272",
    "version": 1,
    "deleted": false,
    "produktname": "A_TEST",
    "start": "2017-03-01T00:00:00.000",
    "ende": "9999-12-31T00:00:00.000",
    "aktiv": false,
    "anmerkung": "Testprojekt für Schulungszwecke",
    "produktTyp": "ANWENDUNG",
    "produktPosition": [],
    "stundenplanung": []
  },
  {
    "id": "2600000000274",
    "version": 3,
    "deleted": false,
    "produktname": "Entry Exit System",
    "start": "2017-03-23T00:00:00.000",
    "ende": "9999-12-31T00:00:00.000",
    "aktiv": true,
    "kurzName": "EES",
    "auftraggeber": "??",
    "auftraggeberOrganisation": "??",
    "produktTyp": "ANWENDUNG",
    "produktPosition": [],
    "stundenplanung": []
  },
  {
    "id": "2600000000276",
    "version": 3,
    "deleted": false,
    "produktname": "BAKS-Clientarchitektur",
    "start": "2017-03-30T00:00:00.000",
    "ende": "2018-03-28T00:00:00.000",
    "aktiv": false,
    "kurzName": "BAKS-CA",
    "anmerkung": "Übernahme V3 PO",
    "auftraggeber": "IV/2",
    "auftraggeberOrganisation": "IV/2",
    "produktTyp": "ANWENDUNG",
    "produktPosition": [],
    "stundenplanung": []
  },
  {
    "id": "2600000000278",
    "version": 1,
    "deleted": false,
    "produktname": "Kommunikationssysteme",
    "start": "2017-03-30T00:00:00.000",
    "ende": "2018-03-28T00:00:00.000",
    "aktiv": false,
    "kurzName": "Kom-S",
    "anmerkung": "Übernahme V3 PO",
    "produktTyp": "ANWENDUNG",
    "produktPosition": [],
    "stundenplanung": []
  },
  {
    "id": "2600000000280",
    "version": 2,
    "deleted": false,
    "produktname": "RZ-Netzwerk",
    "start": "2017-03-30T00:00:00.000",
    "ende": "9999-12-31T00:00:00.000",
    "aktiv": true,
    "kurzName": "RZ-NT",
    "auftraggeber": "Fandler Mike",
    "auftraggeberOrganisation": "IV/2",
    "produktTyp": "ANWENDUNG",
    "produktPosition": [],
    "stundenplanung": []
  },
  {
    "id": "2600000000282",
    "version": 1,
    "deleted": false,
    "produktname": "WLAN",
    "start": "2017-03-30T00:00:00.000",
    "ende": "2018-03-28T00:00:00.000",
    "aktiv": false,
    "kurzName": "WLAN",
    "anmerkung": "Übernahme V3 PO; DV vormals Culik; lt. Gotteald 25.8.2017",
    "produktTyp": "ANWENDUNG",
    "produktPosition": [],
    "stundenplanung": []
  },
  {
    "id": "2600000000284",
    "version": 4,
    "deleted": false,
    "produktname": "Alt-Applikationen",
    "start": "2017-03-30T00:00:00.000",
    "ende": "9999-12-31T00:00:00.000",
    "aktiv": true,
    "kurzName": "A-App",
    "anmerkung": "Hall / Tirol xxx",
    "auftraggeber": "IV/2",
    "auftraggeberOrganisation": "IV/2/c",
    "produktTyp": "ANWENDUNG",
    "produktPosition": [],
    "stundenplanung": []
  },
  {
    "id": "2600000000286",
    "version": 2,
    "deleted": false,
    "produktname": "Backup-Systeme",
    "start": "2017-03-30T00:00:00.000",
    "ende": "2018-03-28T00:00:00.000",
    "aktiv": false,
    "kurzName": "BU-S",
    "anmerkung": "Übernahme V3 PO; DV vormals Stockinger; lt. Gottwald 25.8.2017",
    "auftraggeber": "IV/2",
    "auftraggeberOrganisation": "IV/2",
    "produktTyp": "ANWENDUNG",
    "produktPosition": [],
    "stundenplanung": []
  },
  {
    "id": "2600000000288",
    "version": 5,
    "deleted": false,
    "produktname": "Informationssysteme",
    "start": "2017-03-30T00:00:00.000",
    "ende": "9999-12-31T00:00:00.000",
    "aktiv": true,
    "kurzName": "Info-S",
    "anmerkung": "Übernahme V3 PO; reaktiviert lt. Gottwald",
    "auftraggeber": "V/2",
    "auftraggeberOrganisation": "V/2/c",
    "produktTyp": "ANWENDUNG",
    "produktPosition": [],
    "stundenplanung": []
  },
  {
    "id": "2600000000290",
    "version": 1,
    "deleted": false,
    "produktname": "Mainframe",
    "start": "2017-03-30T00:00:00.000",
    "ende": "9999-12-31T00:00:00.000",
    "aktiv": true,
    "kurzName": "zOS",
    "auftraggeber": "Fandler Mike",
    "auftraggeberOrganisation": "IV/2",
    "produktTyp": "ANWENDUNG",
    "produktPosition": [],
    "stundenplanung": []
  },
  {
    "id": "2600000000292",
    "version": 9,
    "deleted": false,
    "produktname": "Anwendungsmonitoring",
    "start": "2017-03-30T00:00:00.000",
    "ende": "9999-12-31T00:00:00.000",
    "aktiv": true,
    "kurzName": "AM",
    "auftraggeber": "IV/2",
    "auftraggeberOrganisation": "IV/2/c",
    "produktTyp": "ZENTRALE_KOMPONENTE",
    "produktPosition": [],
    "stundenplanung": []
  },
  {
    "id": "2600000000294",
    "version": 1,
    "deleted": false,
    "produktname": "Patchmanagement",
    "start": "2017-03-30T00:00:00.000",
    "ende": "2017-08-31T00:00:00.000",
    "aktiv": false,
    "anmerkung": "eingestellt lt. Gottwald",
    "produktTyp": "ANWENDUNG",
    "produktPosition": [],
    "stundenplanung": []
  },
  {
    "id": "2600000000296",
    "version": 1,
    "deleted": false,
    "produktname": "Pureflex",
    "start": "2017-03-30T00:00:00.000",
    "ende": "2018-03-28T00:00:00.000",
    "aktiv": false,
    "kurzName": "Pureflex",
    "anmerkung": "Übernahme V3 PO",
    "produktTyp": "ANWENDUNG",
    "produktPosition": [],
    "stundenplanung": []
  },
  {
    "id": "2600000000298",
    "version": 3,
    "deleted": false,
    "produktname": "Web-Hosting",
    "start": "2017-03-30T00:00:00.000",
    "ende": "9999-12-31T00:00:00.000",
    "aktiv": true,
    "kurzName": "Web-H",
    "anmerkung": "Übernahme V3 PO",
    "auftraggeber": "IV/2",
    "auftraggeberOrganisation": "IV/2/c",
    "produktTyp": "ANWENDUNG",
    "produktPosition": [],
    "stundenplanung": []
  },
  {
    "id": "2600000000300",
    "version": 1,
    "deleted": false,
    "produktname": "WinCash",
    "start": "2017-03-30T00:00:00.000",
    "ende": "2018-03-28T00:00:00.000",
    "aktiv": false,
    "kurzName": "WinCash",
    "anmerkung": "Übernahme V3 PO",
    "produktTyp": "ANWENDUNG",
    "produktPosition": [],
    "stundenplanung": []
  },
  {
    "id": "2600000000302",
    "version": 1,
    "deleted": false,
    "produktname": "Sicherheitssystem",
    "start": "2017-03-30T00:00:00.000",
    "ende": "2018-03-28T00:00:00.000",
    "aktiv": false,
    "kurzName": "S-Sys",
    "anmerkung": "Übernahme V3 PO",
    "produktTyp": "ANWENDUNG",
    "produktPosition": [],
    "stundenplanung": []
  },
  {
    "id": "2600000000304",
    "version": 2,
    "deleted": false,
    "produktname": "BAKS Systemarchitektur",
    "start": "2017-03-30T00:00:00.000",
    "ende": "2018-03-28T00:00:00.000",
    "aktiv": false,
    "kurzName": "BAKS-SA",
    "anmerkung": "Übernahme V3 PO",
    "auftraggeber": "??",
    "auftraggeberOrganisation": "??",
    "produktTyp": "ANWENDUNG",
    "produktPosition": [],
    "stundenplanung": []
  },
  {
    "id": "2600000000306",
    "version": 1,
    "deleted": false,
    "produktname": "Drucker/MFP inkl. Systemarchitektur",
    "start": "2017-03-30T00:00:00.000",
    "ende": "2018-03-28T00:00:00.000",
    "aktiv": false,
    "kurzName": "MPF",
    "anmerkung": "Übernahme V3 PO",
    "produktTyp": "ANWENDUNG",
    "produktPosition": [],
    "stundenplanung": []
  },
  {
    "id": "2600000000308",
    "version": 2,
    "deleted": false,
    "produktname": "IT-Systemdesign",
    "start": "2017-03-30T00:00:00.000",
    "ende": "2018-03-28T00:00:00.000",
    "aktiv": false,
    "kurzName": "IT-SD",
    "anmerkung": "Übernahme V3 PO",
    "auftraggeber": "V/2",
    "auftraggeberOrganisation": "V/2",
    "produktTyp": "ANWENDUNG",
    "produktPosition": [],
    "stundenplanung": []
  },
  {
    "id": "2600000000310",
    "version": 4,
    "deleted": false,
    "produktname": "IT-Systembetrieb",
    "start": "2017-03-30T00:00:00.000",
    "ende": "9999-12-31T00:00:00.000",
    "aktiv": true,
    "kurzName": "IT-SB",
    "anmerkung": "Reaktivierung wegen Telearbeit-Buchung",
    "auftraggeber": "V/2",
    "auftraggeberOrganisation": "V/2",
    "produktTyp": "ANWENDUNG",
    "produktPosition": [],
    "stundenplanung": []
  },
  {
    "id": "2600000000312",
    "version": 1,
    "deleted": false,
    "produktname": "Virtuelle IT-Systeme",
    "start": "2017-03-30T00:00:00.000",
    "ende": "2018-03-28T00:00:00.000",
    "aktiv": false,
    "kurzName": "V-ITS",
    "anmerkung": "Übernahme V3 PO",
    "produktTyp": "ANWENDUNG",
    "produktPosition": [],
    "stundenplanung": []
  },
  {
    "id": "2600000000314",
    "version": 2,
    "deleted": false,
    "produktname": "Büro Automatisations- und Kommunikations System",
    "start": "2017-04-10T00:00:00.000",
    "ende": "9999-12-31T00:00:00.000",
    "aktiv": true,
    "kurzName": "BAKS",
    "auftraggeber": "IV/B",
    "auftraggeberOrganisation": "IV/2/c",
    "produktTyp": "ANWENDUNG",
    "produktPosition": [],
    "stundenplanung": []
  },
  {
    "id": "2600000000316",
    "version": 1,
    "deleted": false,
    "produktname": "Akkreditierungs-System",
    "start": "2017-04-10T00:00:00.000",
    "ende": "2098-12-31T00:00:00.000",
    "aktiv": true,
    "kurzName": "AKK-S",
    "auftraggeber": "Mike Fandler",
    "auftraggeberOrganisation": "BMI-IV/2",
    "produktTyp": "ANWENDUNG",
    "produktPosition": [],
    "stundenplanung": []
  },
  {
    "id": "2600000000318",
    "version": 1,
    "deleted": false,
    "produktname": "Passenger Name Record",
    "start": "2017-04-12T00:00:00.000",
    "ende": "2018-12-31T00:00:00.000",
    "aktiv": true,
    "kurzName": "PNR",
    "anmerkung": "Auslöser ist Verordnung der europäischen Kommission",
    "auftraggeber": "Regine Wieselthaler-Buchmann",
    "auftraggeberOrganisation": "Sektion II .BK",
    "produktTyp": "ANWENDUNG",
    "produktPosition": [],
    "stundenplanung": []
  },
  {
    "id": "2600000000320",
    "version": 1,
    "deleted": false,
    "produktname": "KATWARN",
    "start": "2017-04-26T00:00:00.000",
    "ende": "9999-12-31T00:00:00.000",
    "aktiv": false,
    "anmerkung": "läuft unter MPK",
    "produktTyp": "ANWENDUNG",
    "produktPosition": [],
    "stundenplanung": []
  },
  {
    "id": "2600000000322",
    "version": 3,
    "deleted": false,
    "produktname": "mobile Polizei-Kommunikation",
    "start": "2017-03-08T00:00:00.000",
    "ende": "9999-12-31T00:00:00.000",
    "aktiv": true,
    "kurzName": "MPK",
    "auftraggeber": "??",
    "auftraggeberOrganisation": "??",
    "produktTyp": "ANWENDUNG",
    "produktPosition": [],
    "stundenplanung": []
  },
  {
    "id": "2600000000324",
    "version": 10,
    "deleted": false,
    "produktname": "Betriebsunterstützung Abt. IV/2",
    "start": "2017-06-22T00:00:00.000",
    "ende": "9999-12-31T00:00:00.000",
    "aktiv": true,
    "kurzName": "BU42",
    "anmerkung": "Administration Betriebsunterstützung",
    "auftraggeber": "Fandler Mike",
    "auftraggeberOrganisation": "IV/2",
    "produktTyp": "ADMINISTRATION",
    "produktPosition": [],
    "stundenplanung": []
  },
  {
    "id": "2600000000326",
    "version": 2,
    "deleted": false,
    "produktname": "Microsoft-Unterstützung",
    "start": "2017-01-01T00:00:00.000",
    "ende": "2019-03-31T00:00:00.000",
    "aktiv": false,
    "kurzName": "MS-US",
    "anmerkung": "Unterstützungsvertrag mit Microsoft",
    "auftraggeber": "Simonitsch Günther",
    "auftraggeberOrganisation": "Gruppe IV/B",
    "produktTyp": "ANWENDUNG",
    "produktPosition": [],
    "stundenplanung": []
  },
  {
    "id": "10000000002081",
    "version": 2,
    "deleted": false,
    "produktname": "Volksbegehren Nö",
    "start": "2018-07-12T00:00:00.000",
    "ende": "2999-12-31T00:00:00.000",
    "aktiv": true,
    "kurzName": "VBNOE",
    "anmerkung": "enge Kooperation mit ZeWaeR",
    "auftraggeber": "Land N.Ö.",
    "auftraggeberOrganisation": "IV/2/a",
    "produktTyp": "ANWENDUNG",
    "produktPosition": [],
    "stundenplanung": []
  },
  {
    "id": "13000000000682",
    "version": 9,
    "deleted": false,
    "produktname": "Chefärztlicher DIenst",
    "start": "2018-03-01T00:00:00.000",
    "ende": "9999-12-31T00:00:00.000",
    "aktiv": true,
    "kurzName": "CHAD",
    "auftraggeber": "Abt I/10",
    "auftraggeberOrganisation": "Abt I/10",
    "produktTyp": "ANWENDUNG",
    "produktPosition": [],
    "stundenplanung": []
  },
  {
    "id": "17200000003756",
    "version": 2,
    "deleted": false,
    "produktname": "Betriebsunterstützung Abt. IV/9",
    "start": "2019-01-01T00:00:00.000",
    "ende": "9999-12-31T00:00:00.000",
    "aktiv": true,
    "kurzName": "BU49",
    "auftraggeber": "Plank Markus",
    "auftraggeberOrganisation": "IV/9",
    "produktTyp": "ADMINISTRATION",
    "produktPosition": [],
    "stundenplanung": []
  },
  {
    "id": "20500000001211",
    "version": 5,
    "deleted": false,
    "produktname": "BEV-Adressdaten",
    "start": "2019-02-25T00:00:00.000",
    "ende": "9999-12-31T00:00:00.000",
    "aktiv": true,
    "kurzName": "BEV",
    "anmerkung": "Arbeitstitel für ZeWaeR  Sprengeldaten",
    "auftraggeber": "SL Hermann Feiner",
    "auftraggeberOrganisation": "Ref. IV/2/a",
    "produktTyp": "ANWENDUNG",
    "produktPosition": [],
    "stundenplanung": []
  },
  {
    "id": "22500000000162",
    "version": 1,
    "deleted": false,
    "produktname": "Document Partner",
    "start": "2019-01-01T00:00:00.000",
    "ende": "9999-12-31T00:00:00.000",
    "aktiv": true,
    "kurzName": "DocPart",
    "anmerkung": "Teil von Rubicon - BM.I-Leyer",
    "auftraggeber": "AL Mike Fandler",
    "auftraggeberOrganisation": "IV/2/a",
    "produktTyp": "ANWENDUNG",
    "produktPosition": [],
    "stundenplanung": []
  },
  {
    "id": "22800000006170",
    "version": 1,
    "deleted": false,
    "produktname": "Europäische Reiseinformations- & Genehmigungs-System",
    "start": "2019-04-01T00:00:00.000",
    "ende": "9999-12-31T00:00:00.000",
    "aktiv": true,
    "kurzName": "ETIAS",
    "anmerkung": "neues EU Interoperabilität Projekt",
    "auftraggeber": "Abteilung V/6",
    "auftraggeberOrganisation": "IV/2/a",
    "produktTyp": "ANWENDUNG",
    "produktPosition": [],
    "stundenplanung": []
  },
  {
    "id": "24800000006235",
    "version": 2,
    "deleted": false,
    "produktname": "sTesta - Internationale Anbindungen",
    "start": "2019-01-01T00:00:00.000",
    "ende": "9999-12-31T00:00:00.000",
    "aktiv": true,
    "kurzName": "sTesta",
    "auftraggeber": ".BK",
    "auftraggeberOrganisation": "IV/2",
    "produktTyp": "ADMINISTRATION",
    "produktPosition": [],
    "stundenplanung": []
  },
  {
    "id": "30000000004256",
    "version": 1,
    "deleted": false,
    "produktname": "Interoperabilität",
    "start": "2019-10-01T00:00:00.000",
    "ende": "9999-12-31T00:00:00.000",
    "aktiv": true,
    "kurzName": "IO",
    "anmerkung": "EU weite organisatorische Koordinationstätigkeit",
    "auftraggeber": "SL I-V",
    "auftraggeberOrganisation": "IV/2/a",
    "produktTyp": "ADMINISTRATION",
    "produktPosition": [],
    "stundenplanung": []
  },
  {
    "id": "94300000000046",
    "version": 1,
    "deleted": false,
    "produktname": "Upgrade-Test",
    "start": "2021-01-20T00:00:00.000",
    "ende": "9999-12-31T00:00:00.000",
    "aktiv": true,
    "kurzName": "UPGRT",
    "anmerkung": "Spielwiese",
    "auftraggeber": "Hofstetter",
    "auftraggeberOrganisation": "IV/2/a",
    "produktTyp": "ADMINISTRATION",
    "produktPosition": [],
    "stundenplanung": []
  },
  {
    "id": "105100000000086",
    "version": 1,
    "deleted": false,
    "produktname": "1233243",
    "start": "2021-05-04T00:00:00.000",
    "ende": "9999-12-31T00:00:00.000",
    "aktiv": true,
    "kurzName": "wqerw",
    "anmerkung": "sdfsdsf",
    "auftraggeber": "wqerwq",
    "auftraggeberOrganisation": "e",
    "produktTyp": "ANWENDUNG",
    "produktPosition": [],
    "stundenplanung": []
  },
  {
    "id": "125300000000144",
    "version": 1,
    "deleted": false,
    "produktname": "Test-SM",
    "start": "2021-09-13T00:00:00.000",
    "ende": "9999-12-31T00:00:00.000",
    "aktiv": true,
    "kurzName": "TSM",
    "auftraggeber": "Manfred Elsinger",
    "auftraggeberOrganisation": "IV/2",
    "produktTyp": "ZENTRALE_KOMPONENTE",
    "produktPosition": [],
    "stundenplanung": []
  },
  {
    "id": "160600000000012",
    "version": 3,
    "deleted": false,
    "produktname": "Betrieb zentraler Infrastruktur",
    "start": "2021-12-10T00:00:00.000",
    "ende": "9999-12-31T00:00:00.000",
    "aktiv": true,
    "kurzName": "BezI",
    "anmerkung": "Anlage in  E, damit Entwicklung darauf aufbauen kann",
    "auftraggeber": "Fandler Mike",
    "auftraggeberOrganisation": "IV/2",
    "produktTyp": "ADMINISTRATION",
    "produktPosition": [],
    "stundenplanung": []
  },
  {
    "id": "213100000000138",
    "version": 1,
    "deleted": false,
    "produktname": "DEMO-Produkt",
    "start": "2023-03-01T00:00:00.000",
    "ende": "9999-12-31T00:00:00.000",
    "aktiv": true,
    "kurzName": "DEMO",
    "auftraggeber": "Thiem",
    "auftraggeberOrganisation": "DDS-11",
    "produktTyp": "ANWENDUNG",
    "produktPosition": [],
    "stundenplanung": []
  },
  {
    "id": "260900000000013",
    "version": 1,
    "deleted": false,
    "produktname": "Unterstützungsleistungen IV/DDS/8",
    "start": "2023-03-01T00:00:00.000",
    "ende": "9999-12-31T00:00:00.000",
    "aktiv": true,
    "kurzName": "UL-IV/DDS/8",
    "anmerkung": "Administration, Projektmanagament, Prozesse, Tools",
    "auftraggeber": "Plangl Andreas",
    "auftraggeberOrganisation": "IV/DDS/8",
    "produktTyp": "ANWENDUNG",
    "produktPosition": [],
    "stundenplanung": []
  },
  {
    "id": "302400000000196",
    "version": 1,
    "deleted": false,
    "produktname": "Release-Check",
    "start": "2024-05-01T00:00:00.000",
    "ende": "9999-12-31T00:00:00.000",
    "aktiv": true,
    "kurzName": "REL",
    "auftraggeber": "Thiem",
    "auftraggeberOrganisation": "Löw",
    "produktTyp": "ANWENDUNG",
    "produktPosition": [],
    "stundenplanung": []
  },
  {
    "id": "321700000000022",
    "version": 1,
    "deleted": false,
    "produktname": "Competence Center for Quality Assurance",
    "start": "2024-01-01T00:00:00.000",
    "ende": "9999-12-31T00:00:00.000",
    "aktiv": true,
    "kurzName": "CCQA",
    "auftraggeber": "Alfred SOARE",
    "auftraggeberOrganisation": "IV/DDS/!!",
    "produktTyp": "ADMINISTRATION",
    "produktPosition": [],
    "stundenplanung": []
  },
  {
    "id": "411300000000186",
    "version": 1,
    "deleted": false,
    "produktname": "Angular",
    "start": "2025-06-01T00:00:00.000",
    "ende": "9999-12-31T00:00:00.000",
    "aktiv": true,
    "kurzName": "ANG",
    "auftraggeber": "Löw",
    "auftraggeberOrganisation": "DDS-11",
    "produktTyp": "ANWENDUNG",
    "produktPosition": [],
    "stundenplanung": []
  }
]